,Air_temperature_K,Rotational_speed_rpm,Torque_Nm,Tool_wear_min,Type_H,Type_L,Type_M,Failed_Yes
0,0.5909090909090935,0.09442815249266867,0.8049450549450549,0.44664031620553357,0.0,0.0,1.0,1.0
1,0.27272727272726627,0.17478005865102642,0.6442307692307693,0.27667984189723316,1.0,0.0,0.0,0.0
2,0.3749999999999929,0.15894428152492668,0.5728021978021978,0.7747035573122529,0.0,1.0,0.0,0.0
3,0.36363636363635976,0.19354838709677424,0.4436813186813187,0.6205533596837944,0.0,1.0,0.0,0.0
4,0.318181818181813,0.47272727272727266,0.21978021978021983,0.7826086956521738,1.0,0.0,0.0,0.0
5,0.7727272727272663,0.11554252199413495,0.6936813186813185,0.6521739130434783,0.0,0.0,1.0,1.0
6,0.7386363636363669,0.16011730205278596,0.760989010989011,0.6047430830039525,0.0,1.0,0.0,1.0
7,0.29545454545453964,0.1425219941348974,0.6016483516483516,0.7075098814229248,0.0,1.0,0.0,0.0
8,0.29545454545453964,0.14780058651026395,0.49038461538461536,0.02766798418972332,0.0,1.0,0.0,0.0
9,0.18181818181817988,0.21642228739002933,0.5178571428571428,0.49407114624505927,0.0,1.0,0.0,0.0
10,0.29545454545453964,0.4733137829912024,0.24175824175824173,0.16205533596837943,0.0,1.0,0.0,0.0
11,0.38636363636363313,0.2129032258064516,0.38461538461538464,0.09881422924901186,0.0,1.0,0.0,0.0
12,0.7727272727272663,0.09970674486803521,0.5673076923076923,0.6640316205533596,0.0,1.0,0.0,1.0
13,0.29545454545453964,0.20000000000000007,0.6222527472527473,0.08695652173913043,0.0,0.0,1.0,0.0
14,0.3068181818181799,0.13548387096774195,0.6662087912087912,0.8616600790513833,0.0,1.0,0.0,1.0
15,0.7613636363636402,0.11495601173020531,0.5975274725274724,0.08695652173913043,0.0,1.0,0.0,1.0
16,0.8068181818181799,0.09970674486803521,0.5219780219780219,0.03952569169960474,0.0,1.0,0.0,1.0
17,0.2840909090909065,0.20293255131964816,0.5,0.06324110671936758,0.0,1.0,0.0,0.0
18,0.5795454545454533,0.5372434017595309,0.2074175824175824,0.91699604743083,0.0,0.0,1.0,1.0
19,0.25,0.18005865102639296,0.5233516483516483,0.7747035573122529,0.0,0.0,1.0,0.0
20,0.27272727272726627,0.1454545454545455,0.4656593406593407,0.8695652173913043,0.0,1.0,0.0,1.0
21,0.7159090909090864,0.8856304985337244,0.11401098901098901,0.12252964426877469,0.0,1.0,0.0,1.0
22,0.36363636363635976,0.17360703812316725,0.5302197802197801,0.6245059288537549,0.0,1.0,0.0,0.0
23,0.32954545454545325,0.09560117302052795,0.6758241758241758,0.450592885375494,0.0,0.0,1.0,0.0
24,0.3749999999999929,0.11612903225806459,0.6442307692307693,0.41897233201581024,1.0,0.0,0.0,0.0
25,0.5454545454545396,0.2873900293255133,0.3667582417582418,0.924901185770751,0.0,0.0,1.0,1.0
26,0.38636363636363313,0.13958944281524932,0.6112637362637362,0.35968379446640314,0.0,1.0,0.0,0.0
27,0.318181818181813,0.1683284457478006,0.5494505494505494,0.007905138339920948,0.0,0.0,1.0,0.0
28,0.3409090909090935,0.35014662756598236,0.33516483516483514,0.6363636363636364,0.0,0.0,1.0,0.0
29,0.2159090909090864,0.2480938416422288,0.4711538461538462,0.41897233201581024,0.0,1.0,0.0,0.0
30,0.29545454545453964,0.07741935483870976,0.8722527472527472,0.26482213438735175,0.0,1.0,0.0,1.0
31,0.25,0.15659824046920823,0.4972527472527473,0.758893280632411,0.0,1.0,0.0,0.0
32,0.25,0.22287390029325516,0.5837912087912087,0.7667984189723319,0.0,1.0,0.0,0.0
33,0.29545454545453964,0.2850439882697947,0.36813186813186816,0.23320158102766797,0.0,1.0,0.0,0.0
34,0.20454545454544615,0.29149560117302054,0.3914835164835165,0.7114624505928854,0.0,1.0,0.0,0.0
35,0.3749999999999929,0.21407624633431088,0.5439560439560439,0.450592885375494,0.0,1.0,0.0,0.0
36,0.3409090909090935,0.09266862170087975,0.6497252747252747,0.13438735177865613,0.0,0.0,1.0,0.0
37,0.8863636363636331,0.12903225806451613,0.6758241758241758,0.8221343873517786,0.0,1.0,0.0,1.0
38,0.4772727272727266,0.06920821114369502,0.8420329670329669,0.8379446640316205,0.0,1.0,0.0,1.0
39,0.2840909090909065,0.26099706744868034,0.4491758241758242,0.32806324110671936,0.0,1.0,0.0,0.0
40,0.5568181818181799,0.28269794721407626,0.34752747252747257,0.5731225296442687,0.0,1.0,0.0,1.0
41,0.32954545454545325,0.2527859237536657,0.4436813186813187,0.6877470355731224,1.0,0.0,0.0,0.0
42,0.19318181818181301,0.33607038123167166,0.315934065934066,0.49407114624505927,0.0,1.0,0.0,0.0
43,0.2159090909090864,0.23812316715542525,0.4436813186813187,0.38735177865612647,1.0,0.0,0.0,0.0
44,0.22727272727272663,0.1607038123167156,0.6098901098901098,0.5731225296442687,0.0,1.0,0.0,0.0
45,0.7954545454545467,0.060410557184750746,0.8818681318681318,0.450592885375494,0.0,1.0,0.0,1.0
46,0.7272727272727266,0.11085043988269794,0.5576923076923076,0.3359683794466403,0.0,1.0,0.0,1.0
47,0.3749999999999929,0.11026392961876841,0.5576923076923076,0.7826086956521738,0.0,1.0,0.0,0.0
48,0.27272727272726627,0.15953079178885632,0.5535714285714285,0.6521739130434783,0.0,0.0,1.0,0.0
49,0.3068181818181799,0.2310850439882698,0.5137362637362637,0.4150197628458498,0.0,1.0,0.0,0.0
50,0.2840909090909065,0.08797653958944285,0.8131868131868132,0.05138339920948616,0.0,1.0,0.0,0.0
51,0.318181818181813,0.059237536656891576,0.7815934065934066,0.8537549407114624,0.0,1.0,0.0,1.0
52,0.38636363636363313,0.2005865102639297,0.47802197802197804,0.6996047430830039,0.0,1.0,0.0,0.0
53,0.3749999999999929,0.9126099706744868,0.0686813186813187,0.5612648221343873,0.0,1.0,0.0,1.0
54,0.8181818181818201,0.07683284457478012,0.6648351648351648,0.15810276679841895,0.0,1.0,0.0,1.0
55,0.8863636363636331,0.06862170087976538,0.8255494505494505,0.23320158102766797,0.0,1.0,0.0,1.0
56,0.4318181818181799,0.11436950146627567,0.6881868131868131,0.849802371541502,0.0,1.0,0.0,1.0
57,0.38636363636363313,0.2586510263929619,0.385989010989011,0.1660079051383399,0.0,1.0,0.0,0.0
58,0.2159090909090864,0.16304985337243405,0.5686813186813187,0.13438735177865613,0.0,0.0,1.0,0.0
59,0.3749999999999929,0.22463343108504408,0.41620879120879123,0.3913043478260869,0.0,1.0,0.0,0.0
60,0.32954545454545325,0.15190615835777133,0.5467032967032966,0.01976284584980237,0.0,0.0,1.0,0.0
61,0.09090909090908639,0.9689149560117303,0.02472527472527472,0.8418972332015809,0.0,1.0,0.0,1.0
62,0.2840909090909065,0.22111436950146635,0.5302197802197801,0.05533596837944664,0.0,1.0,0.0,0.0
63,0.8068181818181799,0.07272727272727275,0.7060439560439561,0.07905138339920947,1.0,0.0,0.0,1.0
64,0.6136363636363598,0.11612903225806459,0.7348901098901098,0.8063241106719367,0.0,1.0,0.0,1.0
65,0.5568181818181799,0.8516129032258064,0.11538461538461538,0.06719367588932806,0.0,1.0,0.0,1.0
66,0.20454545454544615,0.15131964809384169,0.6607142857142857,0.7430830039525691,0.0,1.0,0.0,0.0
67,0.38636363636363313,0.33841642228739,0.3008241758241758,0.26877470355731226,0.0,1.0,0.0,0.0
68,0.8977272727272734,0.09560117302052795,0.6249999999999999,0.3675889328063241,0.0,1.0,0.0,1.0
69,0.7954545454545467,0.10791788856304985,0.8653846153846153,0.3162055335968379,0.0,1.0,0.0,1.0
70,0.26136363636363313,0.09090909090909094,0.9313186813186812,0.12252964426877469,0.0,1.0,0.0,1.0
71,0.9090909090909136,0.0750733137829912,0.6744505494505494,0.33992094861660077,0.0,1.0,0.0,1.0
72,0.29545454545453964,0.23929618768328453,0.4038461538461539,0.37154150197628455,0.0,1.0,0.0,0.0
73,0.20454545454544615,0.1313782991202347,0.657967032967033,0.4268774703557312,0.0,0.0,1.0,0.0
74,0.75,0.0979472140762464,0.6126373626373626,0.6363636363636364,0.0,1.0,0.0,1.0
75,0.2840909090909065,0.21700879765395897,0.5357142857142856,0.0,0.0,0.0,1.0,0.0
76,0.7159090909090864,0.13958944281524932,0.603021978021978,0.07905138339920947,0.0,0.0,1.0,1.0
77,0.7727272727272663,0.10381231671554259,0.6978021978021978,0.24110671936758893,0.0,0.0,1.0,1.0
78,0.443181818181813,0.12258064516129041,0.7554945054945054,0.7707509881422925,0.0,1.0,0.0,1.0
79,0.2840909090909065,0.14017595307917896,0.8255494505494505,0.07509881422924901,0.0,0.0,1.0,1.0
80,0.5909090909090935,0.0826979472140763,0.8708791208791209,0.07114624505928853,0.0,1.0,0.0,1.0
81,0.7386363636363669,0.10439882697947223,0.6249999999999999,0.16205533596837943,0.0,1.0,0.0,1.0
82,0.7386363636363669,0.06627565982404693,0.8049450549450549,0.3992094861660079,1.0,0.0,0.0,1.0
83,0.36363636363635976,0.17126099706744868,0.5123626373626373,0.5059288537549407,0.0,1.0,0.0,0.0
84,0.36363636363635976,0.15483870967741942,0.6332417582417582,0.015810276679841896,1.0,0.0,0.0,0.0
85,0.3522727272727195,0.06803519061583585,0.7074175824175823,0.5849802371541502,0.0,1.0,0.0,0.0
86,0.5795454545454533,0.1378299120234604,0.7967032967032966,0.826086956521739,0.0,1.0,0.0,1.0
87,0.29545454545453964,0.07331378299120239,0.7486263736263735,0.13833992094861658,0.0,1.0,0.0,0.0
88,0.2159090909090864,0.17067448680351904,0.5645604395604394,0.7826086956521738,0.0,0.0,1.0,0.0
89,0.7954545454545467,0.26275659824046926,0.42032967032967034,0.901185770750988,1.0,0.0,0.0,1.0
90,0.29545454545453964,0.19413489736070388,0.4271978021978022,0.7154150197628458,0.0,1.0,0.0,0.0
91,0.3749999999999929,0.221700879765396,0.4189560439560439,0.4980237154150197,0.0,1.0,0.0,0.0
92,0.3749999999999929,0.43577712609970676,0.25824175824175827,0.7628458498023715,0.0,0.0,1.0,0.0
93,0.7727272727272663,0.11612903225806459,0.6195054945054944,0.4229249011857707,0.0,0.0,1.0,1.0
94,0.7386363636363669,0.11436950146627567,0.5837912087912087,0.8300395256916996,0.0,0.0,1.0,1.0
95,0.7613636363636402,0.11495601173020531,0.5906593406593406,0.6561264822134387,0.0,1.0,0.0,1.0
96,0.07954545454545325,0.08093841642228738,0.885989010989011,0.09486166007905138,0.0,0.0,1.0,1.0
97,0.29545454545453964,0.17243401759530796,0.6332417582417582,0.18577075098814227,0.0,1.0,0.0,0.0
98,0.36363636363635976,0.17067448680351904,0.6002747252747253,0.49407114624505927,0.0,0.0,1.0,0.0
99,0.6818181818181799,0.10205278592375366,0.7417582417582417,0.7707509881422925,0.0,1.0,0.0,1.0
100,0.6590909090909065,0.10967741935483877,0.8228021978021978,0.3636363636363636,0.0,0.0,1.0,1.0
101,0.3522727272727195,0.18651026392961878,0.5453296703296703,0.3320158102766798,1.0,0.0,0.0,0.0
102,0.36363636363635976,0.3260997067448681,0.3282967032967033,0.5138339920948616,0.0,1.0,0.0,0.0
103,0.7159090909090864,0.1131964809384165,0.6140109890109889,0.7114624505928854,0.0,1.0,0.0,1.0
104,0.38636363636363313,0.36539589442815257,0.315934065934066,0.06719367588932806,0.0,0.0,1.0,0.0
105,0.3522727272727195,0.16774193548387095,0.5068681318681318,0.41897233201581024,0.0,1.0,0.0,0.0
106,0.7272727272727266,0.05219941348973611,0.8447802197802197,0.7193675889328063,0.0,1.0,0.0,1.0
107,0.8636363636363598,0.09970674486803521,0.6868131868131867,0.03162055335968379,0.0,1.0,0.0,1.0
108,0.2159090909090864,0.08973607038123166,0.9368131868131868,0.5968379446640316,0.0,0.0,1.0,1.0
109,0.3977272727272734,0.15131964809384169,0.554945054945055,0.32411067193675885,0.0,1.0,0.0,0.0
110,0.25,0.0856304985337244,0.7857142857142857,0.7351778656126482,0.0,1.0,0.0,1.0
111,0.20454545454544615,0.13548387096774195,0.5247252747252746,0.4387351778656126,0.0,1.0,0.0,0.0
112,0.3749999999999929,0.17947214076246343,0.49038461538461536,0.11857707509881422,0.0,0.0,1.0,0.0
113,0.3749999999999929,0.3337243401759531,0.3585164835164835,0.1976284584980237,0.0,0.0,1.0,0.0
114,0.27272727272726627,0.12903225806451613,0.6991758241758241,0.2569169960474308,0.0,1.0,0.0,0.0
115,0.7386363636363669,0.10205278592375366,0.5673076923076923,0.023715415019762844,0.0,0.0,1.0,1.0
116,0.5568181818181799,0.20117302052785924,0.48214285714285715,0.8458498023715414,0.0,1.0,0.0,1.0
117,0.36363636363635976,0.16422287390029333,0.6057692307692307,0.8142292490118577,0.0,1.0,0.0,0.0
118,0.3977272727272734,0.07976539589442821,0.7005494505494505,0.9130434782608695,0.0,1.0,0.0,1.0
119,0.27272727272726627,0.07741935483870976,0.6456043956043955,0.6719367588932806,0.0,1.0,0.0,0.0
120,0.20454545454544615,0.347800586510264,0.3447802197802198,0.6561264822134387,0.0,0.0,1.0,0.0
121,0.7386363636363669,0.0780058651026393,0.673076923076923,0.03162055335968379,0.0,1.0,0.0,1.0
122,0.7272727272727266,0.09090909090909094,0.7472527472527473,0.43478260869565216,0.0,1.0,0.0,1.0
123,0.693181818181813,0.07976539589442821,0.6208791208791208,0.7391304347826086,0.0,1.0,0.0,1.0
124,0.20454545454544615,0.1853372434017596,0.5219780219780219,0.5691699604743082,0.0,0.0,1.0,0.0
125,0.32954545454545325,0.0703812316715543,0.8585164835164835,0.1660079051383399,0.0,1.0,0.0,1.0
126,0.6818181818181799,0.08504398826979476,0.6098901098901098,0.3043478260869565,0.0,1.0,0.0,1.0
127,0.2840909090909065,0.2774193548387097,0.38873626373626374,0.09881422924901186,0.0,1.0,0.0,0.0
128,0.4090909090909065,0.11554252199413495,0.6401098901098901,0.8695652173913043,0.0,1.0,0.0,1.0
129,0.75,0.09677419354838712,0.6002747252747253,0.43083003952569165,0.0,1.0,0.0,1.0
130,0.7613636363636402,0.10674486803519068,0.6895604395604396,0.4703557312252964,0.0,0.0,1.0,1.0
131,0.75,0.08973607038123166,0.6785714285714286,0.6284584980237153,0.0,1.0,0.0,1.0
132,0.36363636363635976,0.40527859237536656,0.2568681318681319,0.32411067193675885,0.0,1.0,0.0,0.0
133,0.3522727272727195,0.2252199413489736,0.42994505494505497,0.6007905138339921,0.0,1.0,0.0,0.0
134,0.7045454545454533,0.6985337243401759,0.13873626373626374,0.8102766798418972,0.0,0.0,1.0,1.0
135,0.318181818181813,0.1958944281524927,0.4986263736263737,0.7075098814229248,0.0,1.0,0.0,0.0
136,0.36363636363635976,0.1788856304985338,0.5233516483516483,0.3636363636363636,0.0,0.0,1.0,0.0
137,0.9090909090909136,0.02404692082111437,0.8653846153846153,0.5849802371541502,0.0,1.0,0.0,1.0
138,0.32954545454545325,0.10498533724340176,0.7843406593406592,0.7391304347826086,0.0,1.0,0.0,1.0
139,0.36363636363635976,0.11026392961876841,0.6758241758241758,0.5454545454545454,0.0,1.0,0.0,0.0
140,0.20454545454544615,0.12903225806451613,0.6607142857142857,0.4624505928853755,0.0,0.0,1.0,0.0
141,0.36363636363635976,0.16715542521994142,0.5535714285714285,0.7272727272727272,1.0,0.0,0.0,0.0
142,0.38636363636363313,0.10791788856304985,0.6222527472527473,0.8932806324110671,0.0,1.0,0.0,1.0
143,0.5568181818181799,0.08387096774193548,0.9478021978021977,0.6284584980237153,1.0,0.0,0.0,1.0
144,0.20454545454544615,0.11026392961876841,0.6428571428571428,0.8695652173913043,0.0,1.0,0.0,1.0
145,0.5454545454545396,0.053372434017595394,0.760989010989011,0.7826086956521738,0.0,1.0,0.0,1.0
146,0.36363636363635976,0.11554252199413495,0.695054945054945,0.6521739130434783,0.0,1.0,0.0,0.0
147,0.5568181818181799,0.12668621700879767,0.5782967032967032,0.8300395256916996,1.0,0.0,0.0,1.0
148,0.22727272727272663,0.18768328445747806,0.6318681318681317,0.8774703557312252,0.0,1.0,0.0,1.0
149,0.36363636363635976,0.09912023460410557,0.6689560439560439,0.4387351778656126,0.0,1.0,0.0,0.0
150,0.22727272727272663,0.18123167155425224,0.5439560439560439,0.608695652173913,0.0,0.0,1.0,0.0
151,0.8863636363636331,0.09149560117302058,0.9010989010989011,0.20553359683794464,0.0,1.0,0.0,1.0
152,0.22727272727272663,0.18181818181818188,0.4711538461538462,0.6007905138339921,0.0,1.0,0.0,0.0
153,0.38636363636363313,0.09970674486803521,0.6648351648351648,0.17391304347826086,0.0,0.0,1.0,0.0
154,0.693181818181813,0.07624633431085048,0.7362637362637362,0.15810276679841895,0.0,1.0,0.0,1.0
155,0.3749999999999929,0.22932551319648098,0.41620879120879123,0.3162055335968379,0.0,1.0,0.0,0.0
156,0.27272727272726627,0.17126099706744868,0.532967032967033,0.4229249011857707,0.0,1.0,0.0,0.0
157,0.7613636363636402,0.31026392961876836,0.36538461538461536,0.8616600790513833,0.0,0.0,1.0,1.0
158,0.75,0.20469208211143697,0.46016483516483514,0.8181818181818181,0.0,1.0,0.0,1.0
159,0.5795454545454533,0.10733137829912032,0.8447802197802197,0.8221343873517786,1.0,0.0,0.0,1.0
160,0.36363636363635976,0.12434017595307922,0.6703296703296703,0.6600790513833992,0.0,1.0,0.0,0.0
161,0.32954545454545325,0.11964809384164221,0.5837912087912087,0.8023715415019762,0.0,1.0,0.0,1.0
162,0.36363636363635976,0.1947214076246334,0.5013736263736263,0.6324110671936758,0.0,1.0,0.0,0.0
163,0.8863636363636331,0.1008797653958945,0.5535714285714285,0.758893280632411,0.0,0.0,1.0,1.0
164,0.8181818181818201,0.1348973607038123,0.6868131868131867,0.9723320158102766,1.0,0.0,0.0,1.0
165,0.318181818181813,0.1378299120234604,0.47252747252747257,0.7826086956521738,0.0,0.0,1.0,1.0
166,0.318181818181813,0.31026392961876836,0.3228021978021978,0.6442687747035573,0.0,1.0,0.0,1.0
167,0.26136363636363313,0.12434017595307922,0.6387362637362637,0.7628458498023715,0.0,1.0,0.0,0.0
168,0.25,0.1302052785923754,0.8296703296703296,0.0,0.0,1.0,0.0,1.0
169,0.32954545454545325,0.2310850439882698,0.41346153846153844,0.5059288537549407,0.0,1.0,0.0,0.0
170,0.6704545454545467,0.926099706744868,0.057692307692307696,0.05928853754940711,0.0,1.0,0.0,1.0
171,0.18181818181817988,0.08504398826979476,0.9835164835164836,0.6798418972332015,0.0,1.0,0.0,1.0
172,0.3977272727272734,0.19413489736070388,0.4835164835164835,0.2964426877470355,0.0,1.0,0.0,0.0
173,0.7613636363636402,0.10498533724340176,0.5521978021978021,0.26482213438735175,0.0,0.0,1.0,1.0
174,0.7613636363636402,0.08914956011730213,0.864010989010989,0.8102766798418972,0.0,1.0,0.0,1.0
175,0.3749999999999929,0.2645161290322581,0.3942307692307692,0.21739130434782608,0.0,0.0,1.0,0.0
176,0.22727272727272663,0.21231671554252207,0.4189560439560439,0.03162055335968379,0.0,1.0,0.0,0.0
177,0.36363636363635976,0.1806451612903226,0.6222527472527473,0.5059288537549407,0.0,1.0,0.0,0.0
178,0.7386363636363669,0.10733137829912032,0.6043956043956044,0.8418972332015809,0.0,0.0,1.0,1.0
179,0.318181818181813,0.17419354838709677,0.5453296703296703,0.8142292490118577,1.0,0.0,0.0,0.0
180,0.25,0.23343108504398835,0.45054945054945056,0.6007905138339921,0.0,0.0,1.0,0.0
181,0.5340909090909065,0.11730205278592376,0.8434065934065934,0.5375494071146245,0.0,0.0,1.0,1.0
182,0.36363636363635976,0.21935483870967742,0.5054945054945055,0.24110671936758893,0.0,1.0,0.0,0.0
183,0.20454545454544615,0.9929618768328445,0.005494505494505503,0.46640316205533594,0.0,1.0,0.0,1.0
184,0.8068181818181799,0.11026392961876841,0.6002747252747253,0.043478260869565216,0.0,1.0,0.0,1.0
185,0.29545454545453964,0.07565982404692084,0.7857142857142857,0.7470355731225296,0.0,1.0,0.0,1.0
186,0.36363636363635976,0.05102639296187683,0.7142857142857142,0.6126482213438734,0.0,1.0,0.0,0.0
187,0.7272727272727266,0.25454545454545463,0.34615384615384615,0.9288537549407114,0.0,1.0,0.0,1.0
188,0.3977272727272734,0.14897360703812323,0.618131868131868,0.9051383399209486,0.0,1.0,0.0,1.0
189,0.3409090909090935,0.6392961876832846,0.17032967032967034,0.8616600790513833,0.0,1.0,0.0,1.0
190,0.318181818181813,0.08035190615835786,0.7596153846153846,0.08695652173913043,0.0,1.0,0.0,0.0
191,0.75,0.09677419354838712,0.6236263736263736,0.5296442687747035,0.0,0.0,1.0,1.0
192,0.27272727272726627,0.25219941348973607,0.36813186813186816,0.7707509881422925,0.0,1.0,0.0,0.0
193,0.9318181818181799,0.10791788856304985,0.7706043956043955,0.8102766798418972,0.0,1.0,0.0,1.0
194,0.38636363636363313,0.23812316715542525,0.47802197802197804,0.49011857707509876,0.0,1.0,0.0,0.0
195,0.3068181818181799,0.2850439882697947,0.34065934065934067,0.07114624505928853,0.0,0.0,1.0,0.0
196,0.7840909090909065,0.08739002932551321,0.7293956043956044,0.38339920948616596,0.0,1.0,0.0,1.0
197,0.8863636363636331,0.8944281524926687,0.08241758241758244,0.2569169960474308,0.0,0.0,1.0,1.0
198,0.19318181818181301,0.13958944281524932,0.5302197802197801,0.5494071146245059,1.0,0.0,0.0,0.0
199,0.29545454545453964,0.8780058651026392,0.09478021978021976,0.33992094861660077,0.0,0.0,1.0,1.0
200,0.26136363636363313,0.06979472140762466,0.6758241758241758,0.6798418972332015,0.0,0.0,1.0,0.0
201,0.20454545454544615,0.1700879765395895,0.5865384615384615,0.09881422924901186,0.0,1.0,0.0,0.0
202,0.3409090909090935,0.21173020527859243,0.6126373626373626,0.1660079051383399,0.0,1.0,0.0,0.0
203,0.23863636363635976,0.3278592375366569,0.3200549450549451,0.5375494071146245,0.0,1.0,0.0,0.0
204,0.36363636363635976,0.3935483870967742,0.29120879120879123,0.225296442687747,0.0,1.0,0.0,0.0
205,0.8068181818181799,0.04809384164222874,0.879120879120879,0.7786561264822134,0.0,1.0,0.0,1.0
206,0.3749999999999929,0.37008797653958947,0.30357142857142855,0.6877470355731224,0.0,0.0,1.0,0.0
207,0.26136363636363313,0.2727272727272728,0.5054945054945055,0.691699604743083,0.0,1.0,0.0,0.0
208,0.2840909090909065,0.27624633431085044,0.3392857142857143,0.24901185770750986,0.0,1.0,0.0,0.0
209,0.7386363636363669,0.08504398826979476,0.7596153846153846,0.34782608695652173,0.0,0.0,1.0,1.0
210,0.22727272727272663,0.25923753665689153,0.45467032967032966,0.24110671936758893,0.0,1.0,0.0,0.0
211,0.7272727272727266,0.058064516129032295,0.7348901098901098,0.5810276679841897,1.0,0.0,0.0,1.0
212,0.2159090909090864,0.2129032258064516,0.5082417582417581,0.14624505928853754,0.0,1.0,0.0,0.0
213,0.5568181818181799,0.06744868035190621,0.7898351648351647,0.7984189723320158,0.0,0.0,1.0,1.0
214,0.25,0.19765395894428162,0.3942307692307692,0.7509881422924901,0.0,1.0,0.0,0.0
215,0.22727272727272663,0.16774193548387095,0.4519230769230769,0.26877470355731226,0.0,0.0,1.0,0.0
216,0.32954545454545325,0.32375366568914954,0.30494505494505497,0.03162055335968379,0.0,1.0,0.0,0.0
217,0.2840909090909065,0.1777126099706745,0.5027472527472526,0.23320158102766797,0.0,1.0,0.0,0.0
218,0.2159090909090864,0.20469208211143697,0.4972527472527473,0.8142292490118577,0.0,0.0,1.0,0.0
219,0.318181818181813,0.22756598240469217,0.42032967032967034,0.6324110671936758,0.0,1.0,0.0,0.0
220,0.3749999999999929,0.23460410557184752,0.4519230769230769,0.3992094861660079,0.0,0.0,1.0,0.0
221,0.5340909090909065,0.12492668621700886,0.5892857142857143,0.8300395256916996,1.0,0.0,0.0,1.0
222,0.2159090909090864,0.21407624633431088,0.5027472527472526,0.5098814229249011,0.0,1.0,0.0,0.0
223,0.5568181818181799,0.05219941348973611,0.875,0.8221343873517786,0.0,1.0,0.0,1.0
224,0.5909090909090935,0.1313782991202347,0.7884615384615384,0.7470355731225296,0.0,1.0,0.0,1.0
225,0.29545454545453964,0.07214076246334311,0.6318681318681317,0.17786561264822134,0.0,1.0,0.0,0.0
226,0.36363636363635976,0.2926686217008798,0.3516483516483516,0.37549407114624506,0.0,1.0,0.0,0.0
227,0.36363636363635976,0.19413489736070388,0.5068681318681318,0.616600790513834,0.0,1.0,0.0,0.0
228,0.36363636363635976,0.12727272727272732,0.6552197802197802,0.0,0.0,1.0,0.0,0.0
229,0.8636363636363598,0.08387096774193548,0.6923076923076923,0.901185770750988,0.0,1.0,0.0,1.0
230,0.2840909090909065,0.15073313782991205,0.5741758241758241,0.4150197628458498,0.0,1.0,0.0,0.0
231,0.318181818181813,0.14134897360703813,0.5343406593406593,0.7351778656126482,0.0,1.0,0.0,0.0
232,0.36363636363635976,0.30850439882697955,0.3337912087912088,0.40711462450592883,0.0,0.0,1.0,0.0
233,0.6136363636363598,0.18299120234604105,0.467032967032967,0.8142292490118577,0.0,1.0,0.0,1.0
234,0.4090909090909065,0.1958944281524927,0.6195054945054944,0.901185770750988,0.0,1.0,0.0,1.0
235,0.38636363636363313,0.07155425219941358,0.89010989010989,0.4387351778656126,0.0,0.0,1.0,1.0
236,0.625,0.8533724340175954,0.11538461538461538,0.3952569169960474,0.0,0.0,1.0,1.0
237,0.7272727272727266,0.11554252199413495,0.6771978021978021,0.8379446640316205,0.0,1.0,0.0,1.0
238,0.3068181818181799,0.2099706744868035,0.4436813186813187,0.6640316205533596,0.0,1.0,0.0,0.0
239,0.3068181818181799,0.08680351906158357,0.6236263736263736,0.6561264822134387,0.0,1.0,0.0,0.0
240,0.20454545454544615,0.16304985337243405,0.5151098901098901,0.7747035573122529,0.0,1.0,0.0,0.0
241,0.3749999999999929,0.24633431085043989,0.3914835164835165,0.7984189723320158,0.0,1.0,0.0,0.0
242,0.36363636363635976,0.3108504398826979,0.3392857142857143,0.5533596837944663,0.0,0.0,1.0,0.0
243,0.6136363636363598,0.12785923753665696,0.7445054945054944,0.7509881422924901,0.0,1.0,0.0,1.0
244,0.3749999999999929,0.20410557184750733,0.396978021978022,0.20948616600790512,0.0,1.0,0.0,0.0
245,0.6818181818181799,0.10615835777126104,0.7142857142857142,0.27667984189723316,0.0,1.0,0.0,1.0
246,0.5454545454545396,0.011143695014662836,0.9999999999999998,0.011857707509881422,0.0,1.0,0.0,1.0
247,0.3749999999999929,0.11202346041055722,0.8214285714285714,0.11857707509881422,0.0,0.0,1.0,1.0
248,0.8863636363636331,0.06686217008797657,0.6524725274725274,0.20158102766798416,0.0,1.0,0.0,1.0
249,0.7613636363636402,0.10850439882697949,0.6126373626373626,0.5138339920948616,1.0,0.0,0.0,1.0
250,0.27272727272726627,0.23812316715542525,0.3914835164835165,0.11857707509881422,0.0,0.0,1.0,0.0
251,0.29545454545453964,0.1331378299120235,0.4972527472527473,0.035573122529644265,0.0,1.0,0.0,0.0
252,0.5,0.2997067448680353,0.34615384615384615,0.8537549407114624,0.0,0.0,1.0,1.0
253,0.27272727272726627,0.16011730205278596,0.4574175824175824,0.13833992094861658,0.0,1.0,0.0,0.0
254,0.36363636363635976,0.1577712609970675,0.5631868131868131,0.24901185770750986,0.0,1.0,0.0,0.0
255,0.2159090909090864,0.2586510263929619,0.4587912087912089,0.40711462450592883,0.0,0.0,1.0,0.0
256,0.1590909090909065,0.11964809384164221,0.7225274725274724,0.7984189723320158,0.0,1.0,0.0,1.0
257,0.22727272727272663,0.12316715542521994,0.6607142857142857,0.8616600790513833,0.0,0.0,1.0,0.0
258,0.27272727272726627,0.3337243401759531,0.31318681318681324,0.26482213438735175,0.0,0.0,1.0,0.0
259,0.22727272727272663,0.2692082111436951,0.37225274725274726,0.31225296442687744,1.0,0.0,0.0,0.0
260,0.29545454545453964,0.1331378299120235,0.5837912087912087,0.011857707509881422,0.0,1.0,0.0,0.0
261,0.8636363636363598,0.033431085043988285,0.6978021978021978,0.8932806324110671,0.0,1.0,0.0,1.0
262,0.3749999999999929,0.22111436950146635,0.5137362637362637,0.43478260869565216,0.0,1.0,0.0,0.0
263,0.318181818181813,0.14780058651026395,0.5947802197802198,0.3992094861660079,0.0,1.0,0.0,0.0
264,0.32954545454545325,0.32844574780058644,0.3324175824175824,0.08300395256916995,0.0,0.0,1.0,0.0
265,0.875,0.09149560117302058,0.7280219780219779,0.7391304347826086,0.0,1.0,0.0,1.0
266,0.8409090909090935,0.04457478005865101,0.9271978021978021,0.48221343873517786,0.0,0.0,1.0,1.0
267,0.2159090909090864,0.19941348973607043,0.47252747252747257,0.2924901185770751,0.0,0.0,1.0,0.0
268,0.7613636363636402,0.11612903225806459,0.6249999999999999,0.13438735177865613,0.0,1.0,0.0,1.0
269,0.27272727272726627,0.05102639296187683,0.9010989010989011,0.7470355731225296,0.0,1.0,0.0,1.0
270,0.318181818181813,0.1407624633431085,0.7815934065934066,0.4703557312252964,0.0,0.0,1.0,1.0
271,0.693181818181813,0.1313782991202347,0.5851648351648351,0.8181818181818181,0.0,1.0,0.0,1.0
272,0.27272727272726627,0.20234604105571852,0.5219780219780219,0.6324110671936758,1.0,0.0,0.0,0.0
273,0.36363636363635976,0.15131964809384169,0.48626373626373637,0.4110671936758893,0.0,1.0,0.0,0.0
274,0.7954545454545467,0.02697947214076246,0.8846153846153846,0.7391304347826086,0.0,0.0,1.0,1.0
275,0.36363636363635976,0.1853372434017596,0.5906593406593406,0.2845849802371541,0.0,0.0,1.0,0.0
276,0.36363636363635976,0.15131964809384169,0.5686813186813187,0.15810276679841895,1.0,0.0,0.0,1.0
277,0.7045454545454533,0.9642228739002934,0.027472527472527472,0.849802371541502,0.0,1.0,0.0,1.0
278,0.7840909090909065,0.08680351906158357,0.6428571428571428,0.5849802371541502,0.0,1.0,0.0,1.0
279,0.7272727272727266,0.07448680351906167,0.7390109890109889,0.7786561264822134,0.0,1.0,0.0,1.0
280,0.29545454545453964,0.16480938416422286,0.6456043956043955,0.1067193675889328,0.0,1.0,0.0,0.0
281,0.2840909090909065,0.2926686217008798,0.41071428571428575,0.7312252964426877,0.0,0.0,1.0,0.0
282,0.7159090909090864,0.09325513196480939,0.7129120879120879,0.8063241106719367,0.0,1.0,0.0,1.0
283,0.23863636363635976,0.4175953079178887,0.28571428571428575,0.05928853754940711,0.0,1.0,0.0,0.0
284,0.5113636363636331,0.8199413489736072,0.11950549450549451,0.25296442687747034,0.0,1.0,0.0,1.0
285,0.2840909090909065,0.16129032258064524,0.548076923076923,0.3162055335968379,0.0,0.0,1.0,0.0
286,0.318181818181813,0.18651026392961878,0.4972527472527473,0.83399209486166,0.0,0.0,1.0,0.0
287,0.7386363636363669,0.09970674486803521,0.776098901098901,0.8181818181818181,0.0,0.0,1.0,1.0
288,0.19318181818181301,0.33607038123167166,0.3516483516483516,0.4861660079051383,0.0,1.0,0.0,0.0
289,0.7954545454545467,0.08680351906158357,0.6153846153846153,0.4387351778656126,0.0,0.0,1.0,1.0
290,0.26136363636363313,0.5560117302052787,0.20467032967032966,0.4980237154150197,1.0,0.0,0.0,0.0
291,0.25,0.5560117302052787,0.21153846153846156,0.5849802371541502,0.0,1.0,0.0,0.0
292,0.13636363636363313,0.06334310850439884,0.7994505494505494,0.7865612648221343,0.0,1.0,0.0,1.0
293,0.27272727272726627,0.1255131964809385,0.5824175824175825,0.48221343873517786,0.0,1.0,0.0,0.0
294,0.8636363636363598,0.09853372434017604,0.6497252747252747,0.035573122529644265,0.0,1.0,0.0,1.0
295,0.3068181818181799,0.10615835777126104,0.6868131868131867,0.6482213438735177,0.0,1.0,0.0,0.0
296,0.36363636363635976,0.10615835777126104,0.5714285714285714,0.44664031620553357,0.0,1.0,0.0,0.0
297,0.9204545454545467,0.10439882697947223,0.7280219780219779,0.7667984189723319,0.0,1.0,0.0,1.0
298,0.20454545454544615,0.17419354838709677,0.6318681318681317,0.592885375494071,0.0,1.0,0.0,0.0
299,0.2840909090909065,0.12258064516129041,0.6318681318681317,0.3359683794466403,0.0,0.0,1.0,0.0
300,0.32954545454545325,0.8422287390029326,0.11401098901098901,0.40316205533596833,0.0,1.0,0.0,1.0
301,0.7954545454545467,0.08797653958944285,0.6620879120879121,0.608695652173913,0.0,1.0,0.0,1.0
302,0.3522727272727195,0.14017595307917896,0.5755494505494505,0.5652173913043478,1.0,0.0,0.0,0.0
303,0.2159090909090864,0.387683284457478,0.3186813186813187,0.525691699604743,0.0,0.0,1.0,0.0
304,0.20454545454544615,0.22873900293255134,0.4656593406593407,0.6403162055335968,0.0,1.0,0.0,0.0
305,0.22727272727272663,0.1331378299120235,0.7005494505494505,0.5810276679841897,0.0,0.0,1.0,0.0
306,0.2840909090909065,0.17829912023460415,0.5068681318681318,0.225296442687747,0.0,1.0,0.0,0.0
307,0.29545454545453964,0.29149560117302054,0.42307692307692313,0.3201581027667984,1.0,0.0,0.0,0.0
308,0.36363636363635976,0.380058651026393,0.2623626373626374,0.6798418972332015,0.0,1.0,0.0,0.0
309,0.8295454545454533,0.08739002932551321,0.6854395604395604,0.7905138339920948,0.0,0.0,1.0,1.0
310,0.3068181818181799,0.21524926686217016,0.5013736263736263,0.5533596837944663,0.0,1.0,0.0,0.0
311,0.4318181818181799,0.15542521994134906,0.8118131868131867,0.5296442687747035,0.0,1.0,0.0,1.0
312,0.318181818181813,0.17360703812316725,0.5521978021978021,0.49011857707509876,0.0,1.0,0.0,0.0
313,0.29545454545453964,0.15542521994134906,0.47252747252747257,0.24110671936758893,0.0,1.0,0.0,0.0
314,0.22727272727272663,0.12727272727272732,0.6195054945054944,0.24901185770750986,0.0,0.0,1.0,0.0
315,0.3522727272727195,0.14604105571847514,0.6291208791208791,0.533596837944664,0.0,0.0,1.0,0.0
316,0.7272727272727266,0.018181818181818188,0.7115384615384616,0.31225296442687744,0.0,0.0,1.0,1.0
317,0.3068181818181799,0.11612903225806459,0.6071428571428571,0.7154150197628458,0.0,0.0,1.0,0.0
318,0.29545454545453964,0.12727272727272732,0.6593406593406592,0.30039525691699603,1.0,0.0,0.0,0.0
319,0.9090909090909136,0.11143695014662758,0.6978021978021978,0.4426877470355731,1.0,0.0,0.0,1.0
320,0.7045454545454533,0.1530791788856305,0.5700549450549449,0.9209486166007904,0.0,1.0,0.0,1.0
321,0.36363636363635976,0.2404692082111437,0.37500000000000006,0.26877470355731226,0.0,1.0,0.0,0.0
322,0.7045454545454533,0.8744868035190616,0.1098901098901099,0.49011857707509876,0.0,1.0,0.0,1.0
323,0.3977272727272734,0.1577712609970675,0.5384615384615384,0.15810276679841895,0.0,1.0,0.0,0.0
324,0.20454545454544615,0.1882697947214077,0.5467032967032966,0.6679841897233201,1.0,0.0,0.0,0.0
325,0.29545454545453964,0.37712609970674493,0.2802197802197802,0.19367588932806323,1.0,0.0,0.0,0.0
326,0.9204545454545467,0.08856304985337249,0.6717032967032966,0.2608695652173913,1.0,0.0,0.0,1.0
327,0.2159090909090864,0.16891495601173023,0.5631868131868131,0.01976284584980237,0.0,0.0,1.0,0.0
328,0.5909090909090935,0.07683284457478012,0.8447802197802197,0.758893280632411,0.0,1.0,0.0,1.0
329,0.7840909090909065,0.09853372434017604,0.7046703296703296,0.7391304347826086,0.0,1.0,0.0,1.0
330,0.36363636363635976,0.10967741935483877,0.6222527472527473,0.4624505928853755,0.0,0.0,1.0,0.0
331,0.7386363636363669,0.11612903225806459,0.6098901098901098,0.6561264822134387,0.0,0.0,1.0,1.0
332,0.5681818181818201,0.10909090909090913,0.8159340659340659,0.17786561264822134,0.0,0.0,1.0,1.0
333,0.5795454545454533,0.7607038123167156,0.1318681318681319,0.6719367588932806,0.0,1.0,0.0,1.0
334,0.443181818181813,0.8023460410557186,0.12637362637362637,0.7075098814229248,0.0,1.0,0.0,1.0
335,0.7727272727272663,0.1131964809384165,0.6510989010989011,0.6442687747035573,0.0,1.0,0.0,1.0
336,0.3068181818181799,0.23929618768328453,0.4574175824175824,0.541501976284585,0.0,0.0,1.0,0.0
337,0.75,0.10967741935483877,0.6565934065934066,0.04743083003952569,0.0,0.0,1.0,1.0
338,0.75,0.10205278592375366,0.6552197802197802,0.4980237154150197,0.0,0.0,1.0,1.0
339,0.14772727272726627,0.903225806451613,0.07554945054945057,0.07114624505928853,0.0,1.0,0.0,1.0
340,0.5681818181818201,0.11671554252199412,0.6016483516483516,0.9723320158102766,1.0,0.0,0.0,1.0
341,0.4659090909090864,0.2956011730205279,0.3447802197802198,0.7075098814229248,0.0,0.0,1.0,1.0
342,0.318181818181813,0.12023460410557185,0.5645604395604394,0.533596837944664,0.0,1.0,0.0,0.0
343,0.27272727272726627,0.09266862170087975,0.6565934065934066,0.7786561264822134,0.0,0.0,1.0,0.0
344,0.8068181818181799,0.17360703812316725,0.5837912087912087,0.992094861660079,0.0,1.0,0.0,1.0
345,0.38636363636363313,0.12492668621700886,0.5673076923076923,0.7075098814229248,0.0,1.0,0.0,0.0
346,0.25,0.19413489736070388,0.42994505494505497,0.5454545454545454,1.0,0.0,0.0,0.0
347,0.5681818181818201,0.15073313782991205,0.6140109890109889,0.308300395256917,0.0,1.0,0.0,1.0
348,0.38636363636363313,0.16891495601173023,0.4986263736263737,0.05138339920948616,0.0,1.0,0.0,0.0
349,0.3977272727272734,0.08152492668621703,0.875,0.07905138339920947,0.0,1.0,0.0,1.0
350,0.27272727272726627,0.17478005865102642,0.7513736263736264,0.6956521739130435,0.0,0.0,1.0,1.0
351,0.5909090909090935,0.23225806451612907,0.46840659340659335,0.8972332015810276,0.0,1.0,0.0,1.0
352,0.5568181818181799,0.10967741935483877,0.743131868131868,0.7549407114624506,0.0,1.0,0.0,1.0
353,0.25,0.30381231671554254,0.3296703296703297,0.7865612648221343,0.0,1.0,0.0,0.0
354,0.25,0.2956011730205279,0.3379120879120879,0.7075098814229248,0.0,1.0,0.0,0.0
355,0.7045454545454533,0.08973607038123166,0.7857142857142857,0.7193675889328063,0.0,0.0,1.0,1.0
356,0.38636363636363313,0.11260997067448686,0.7129120879120879,0.7944664031620553,0.0,1.0,0.0,1.0
357,0.2840909090909065,0.09442815249266867,0.6085164835164835,0.2134387351778656,0.0,0.0,1.0,0.0
358,0.318181818181813,0.20293255131964816,0.5096153846153846,0.3794466403162055,0.0,0.0,1.0,0.0
359,0.2840909090909065,0.18416422287390033,0.4793956043956044,0.7430830039525691,0.0,1.0,0.0,0.0
360,0.7159090909090864,0.11436950146627567,0.7019230769230769,0.4980237154150197,0.0,1.0,0.0,1.0
361,0.7159090909090864,0.11260997067448686,0.6071428571428571,0.2885375494071146,0.0,0.0,1.0,1.0
362,0.7727272727272663,0.11378299120234603,0.6689560439560439,0.6363636363636364,0.0,0.0,1.0,1.0
363,0.8863636363636331,0.07331378299120239,0.7857142857142857,0.849802371541502,0.0,1.0,0.0,1.0
364,0.27272727272726627,0.10615835777126104,0.7280219780219779,0.8537549407114624,0.0,1.0,0.0,1.0
365,0.3749999999999929,0.23460410557184752,0.3695054945054945,0.2569169960474308,0.0,0.0,1.0,0.0
366,0.25,0.1131964809384165,0.5947802197802198,0.592885375494071,0.0,1.0,0.0,0.0
367,0.7272727272727266,0.12023460410557185,0.8090659340659341,0.5612648221343873,0.0,0.0,1.0,1.0
368,1.0,0.19237536656891496,0.4285714285714286,0.8102766798418972,0.0,1.0,0.0,1.0
369,0.23863636363635976,0.18768328445747806,0.5164835164835164,0.7944664031620553,0.0,1.0,0.0,0.0
370,0.3749999999999929,0.11847507331378304,0.7019230769230769,0.5731225296442687,0.0,1.0,0.0,0.0
371,0.26136363636363313,0.26158357771261,0.3791208791208791,0.826086956521739,0.0,0.0,1.0,0.0
372,0.8863636363636331,0.07917888563049857,0.6469780219780219,0.2727272727272727,0.0,0.0,1.0,1.0
373,0.27272727272726627,0.2574780058651027,0.3516483516483516,0.2964426877470355,0.0,0.0,1.0,0.0
374,0.19318181818181301,0.25454545454545463,0.4340659340659341,0.8577075098814229,0.0,1.0,0.0,1.0
375,0.36363636363635976,0.2005865102639297,0.5576923076923076,0.21739130434782608,0.0,1.0,0.0,0.0
376,0.22727272727272663,0.25219941348973607,0.37362637362637363,0.18972332015810275,0.0,0.0,1.0,0.0
377,0.318181818181813,0.2527859237536657,0.39560439560439564,0.03952569169960474,1.0,0.0,0.0,0.0
378,0.3522727272727195,0.12961876832844577,0.9052197802197802,0.25296442687747034,0.0,0.0,1.0,1.0
379,0.36363636363635976,0.15894428152492668,0.6153846153846153,0.38735177865612647,0.0,0.0,1.0,0.0
380,0.29545454545453964,0.17419354838709677,0.5370879120879121,0.7233201581027667,0.0,1.0,0.0,0.0
381,0.7954545454545467,0.08445747800586512,0.8049450549450549,0.3636363636363636,0.0,1.0,0.0,1.0
382,0.3749999999999929,0.25806451612903225,0.396978021978022,0.2964426877470355,1.0,0.0,0.0,0.0
383,0.8181818181818201,0.04750733137829921,0.9162087912087912,0.924901185770751,0.0,0.0,1.0,1.0
384,0.8636363636363598,0.10674486803519068,0.5892857142857143,0.11462450592885375,0.0,1.0,0.0,1.0
385,0.8409090909090935,0.11202346041055722,0.6936813186813185,0.4624505928853755,0.0,0.0,1.0,1.0
386,0.318181818181813,0.3524926686217009,0.2760989010989011,0.09486166007905138,1.0,0.0,0.0,0.0
387,0.2159090909090864,0.0903225806451613,0.6071428571428571,0.5177865612648221,0.0,1.0,0.0,0.0
388,0.38636363636363313,0.11495601173020531,0.8063186813186812,0.3636363636363636,0.0,1.0,0.0,1.0
389,0.2840909090909065,0.14310850439882705,0.5233516483516483,0.043478260869565216,0.0,0.0,1.0,0.0
390,0.3068181818181799,0.18651026392961878,0.4739010989010988,0.5612648221343873,0.0,1.0,0.0,0.0
391,0.29545454545453964,0.11612903225806459,0.5398351648351648,0.2569169960474308,0.0,1.0,0.0,0.0
392,0.25,0.3126099706744869,0.4038461538461539,0.6996047430830039,0.0,1.0,0.0,0.0
393,0.19318181818181301,0.06803519061583585,0.5782967032967032,0.7272727272727272,0.0,1.0,0.0,0.0
394,0.7954545454545467,0.0627565982404692,0.8887362637362637,0.0,0.0,1.0,0.0,1.0
395,0.3749999999999929,0.06217008797653967,0.798076923076923,0.8537549407114624,0.0,1.0,0.0,1.0
396,0.22727272727272663,0.1284457478005866,0.5563186813186812,0.16996047430830039,1.0,0.0,0.0,0.0
397,0.4090909090909065,0.09618768328445748,0.7815934065934066,0.7549407114624506,0.0,1.0,0.0,1.0
398,0.22727272727272663,0.21759530791788861,0.5096153846153846,0.3557312252964427,0.0,0.0,1.0,0.0
399,0.3068181818181799,0.26275659824046926,0.4574175824175824,0.6719367588932806,0.0,0.0,1.0,0.0
400,0.318181818181813,0.23636363636363644,0.510989010989011,0.7549407114624506,0.0,0.0,1.0,0.0
401,0.36363636363635976,0.15483870967741942,0.6140109890109889,0.27667984189723316,0.0,1.0,0.0,0.0
402,0.3522727272727195,0.15249266862170097,0.5412087912087912,0.5217391304347826,0.0,0.0,1.0,0.0
403,0.3522727272727195,0.0,0.8530219780219781,0.8023715415019762,0.0,1.0,0.0,1.0
404,0.3068181818181799,0.1472140762463343,0.6277472527472527,0.35968379446640314,1.0,0.0,0.0,0.0
405,0.693181818181813,0.15249266862170097,0.5563186813186812,0.8221343873517786,0.0,1.0,0.0,1.0
406,0.6704545454545467,0.09090909090909094,0.8489010989010988,0.0,0.0,0.0,1.0,1.0
407,0.29545454545453964,0.2844574780058652,0.42307692307692313,0.2924901185770751,0.0,1.0,0.0,0.0
408,0.3068181818181799,0.20938416422287398,0.39010989010989017,0.683794466403162,0.0,1.0,0.0,0.0
409,0.318181818181813,0.07214076246334311,0.5659340659340659,0.6245059288537549,0.0,1.0,0.0,0.0
410,0.3749999999999929,0.13548387096774195,0.5535714285714285,0.5533596837944663,0.0,0.0,1.0,0.0
411,0.23863636363635976,0.11260997067448686,0.7266483516483516,0.8023715415019762,0.0,1.0,0.0,1.0
412,0.318181818181813,0.2005865102639297,0.4436813186813187,0.4980237154150197,0.0,1.0,0.0,0.0
413,0.2840909090909065,0.14956011730205288,0.5892857142857143,0.40711462450592883,0.0,1.0,0.0,0.0
414,0.36363636363635976,0.20293255131964816,0.39285714285714285,0.7470355731225296,0.0,1.0,0.0,0.0
415,0.5568181818181799,0.13841642228739004,0.6552197802197802,0.9130434782608695,0.0,1.0,0.0,1.0
416,0.7159090909090864,0.08797653958944285,0.89010989010989,0.3359683794466403,0.0,1.0,0.0,1.0
417,0.3749999999999929,0.28387096774193554,0.3942307692307692,0.3675889328063241,0.0,1.0,0.0,0.0
418,0.2159090909090864,0.12140762463343113,0.6153846153846153,0.1067193675889328,0.0,1.0,0.0,0.0
419,0.3977272727272734,0.36950146627565994,0.28571428571428575,0.3043478260869565,1.0,0.0,0.0,0.0
420,0.36363636363635976,0.036363636363636376,0.971153846153846,0.7667984189723319,0.0,0.0,1.0,1.0
421,0.3068181818181799,0.1331378299120235,0.5398351648351648,0.6996047430830039,0.0,1.0,0.0,0.0
422,0.8068181818181799,0.06803519061583585,0.7815934065934066,0.49407114624505927,0.0,0.0,1.0,1.0
423,0.3522727272727195,0.10146627565982413,0.6799450549450549,0.8379446640316205,0.0,1.0,0.0,1.0
424,0.3409090909090935,0.3290322580645162,0.3598901098901099,0.14624505928853754,0.0,0.0,1.0,0.0
425,0.20454545454544615,0.17243401759530796,0.5041208791208791,0.8774703557312252,0.0,1.0,0.0,1.0
426,0.22727272727272663,0.4774193548387098,0.2293956043956044,0.03952569169960474,0.0,0.0,1.0,0.0
427,0.3522727272727195,0.38826979472140777,0.30219780219780223,0.5138339920948616,0.0,0.0,1.0,0.0
428,0.26136363636363313,0.1683284457478006,0.44230769230769235,0.6640316205533596,0.0,1.0,0.0,0.0
429,0.25,0.19413489736070388,0.49587912087912084,0.7154150197628458,0.0,1.0,0.0,0.0
430,0.8068181818181799,0.15542521994134906,0.5096153846153846,0.83399209486166,0.0,1.0,0.0,1.0
431,0.625,0.059237536656891576,0.8804945054945055,0.03952569169960474,0.0,1.0,0.0,1.0
432,0.9204545454545467,0.10674486803519068,0.6593406593406592,0.3557312252964427,0.0,1.0,0.0,1.0
433,0.3068181818181799,0.24926686217008798,0.4093406593406594,0.26482213438735175,0.0,1.0,0.0,0.0
434,0.19318181818181301,0.09912023460410557,0.7390109890109889,0.7351778656126482,0.0,1.0,0.0,0.0
435,0.3409090909090935,0.5008797653958945,0.2170329670329671,0.15810276679841895,0.0,1.0,0.0,0.0
436,0.3409090909090935,0.12316715542521994,0.5302197802197801,0.6679841897233201,0.0,0.0,1.0,0.0
437,0.3749999999999929,0.2920821114369502,0.34203296703296704,0.7154150197628458,0.0,0.0,1.0,0.0
438,0.29545454545453964,0.16891495601173023,0.5384615384615384,0.34782608695652173,0.0,1.0,0.0,0.0
439,0.3749999999999929,0.11378299120234603,0.5343406593406593,0.2292490118577075,1.0,0.0,0.0,0.0
440,0.318181818181813,0.17126099706744868,0.49587912087912084,0.7272727272727272,0.0,1.0,0.0,0.0
441,0.1590909090909065,0.10615835777126104,0.6689560439560439,0.8418972332015809,0.0,1.0,0.0,1.0
442,0.1249999999999929,0.04516129032258065,0.8956043956043955,0.4150197628458498,0.0,0.0,1.0,1.0
443,0.22727272727272663,0.20938416422287398,0.5,0.0,0.0,0.0,1.0,0.0
444,0.3068181818181799,0.2375366568914956,0.43543956043956045,0.0,0.0,1.0,0.0,0.0
445,0.6818181818181799,0.0750733137829912,0.8516483516483515,0.2964426877470355,0.0,0.0,1.0,1.0
446,0.22727272727272663,0.2557184750733138,0.38324175824175827,0.1541501976284585,0.0,1.0,0.0,0.0
447,0.7727272727272663,0.09853372434017604,0.581043956043956,0.5849802371541502,0.0,1.0,0.0,1.0
448,0.22727272727272663,0.306158357771261,0.3791208791208791,0.8102766798418972,1.0,0.0,0.0,0.0
449,0.7840909090909065,0.08504398826979476,0.7513736263736264,0.21739130434782608,0.0,1.0,0.0,1.0
450,0.36363636363635976,0.14662756598240478,0.5755494505494505,0.38339920948616596,0.0,1.0,0.0,0.0
451,0.27272727272726627,0.37419354838709684,0.2692307692307692,0.308300395256917,0.0,1.0,0.0,0.0
452,0.8863636363636331,0.09384164222873903,0.5934065934065934,0.8300395256916996,0.0,0.0,1.0,1.0
453,0.48863636363635976,0.0627565982404692,0.9038461538461537,0.24505928853754938,0.0,1.0,0.0,1.0
454,0.14772727272726627,0.2158357771260997,0.43956043956043955,0.8142292490118577,1.0,0.0,0.0,1.0
455,0.38636363636363313,0.3618768328445747,0.2980769230769231,0.3517786561264822,0.0,1.0,0.0,0.0
456,0.5681818181818201,0.273900293255132,0.3667582417582418,0.8577075098814229,0.0,1.0,0.0,1.0
457,0.318181818181813,0.2510263929618769,0.4285714285714286,0.40711462450592883,0.0,1.0,0.0,0.0
458,0.5909090909090935,0.09266862170087975,0.7596153846153846,0.8023715415019762,0.0,1.0,0.0,1.0
459,0.7840909090909065,0.1026392961876833,0.7101648351648351,0.3992094861660079,1.0,0.0,0.0,1.0
460,0.7954545454545467,0.1530791788856305,0.7692307692307692,0.6679841897233201,0.0,1.0,0.0,1.0
461,0.875,0.09912023460410557,0.6085164835164835,0.12648221343873517,0.0,1.0,0.0,1.0
462,0.32954545454545325,0.06627565982404693,0.864010989010989,0.04743083003952569,0.0,1.0,0.0,1.0
463,0.36363636363635976,0.2815249266862171,0.35302197802197804,0.6403162055335968,0.0,0.0,1.0,0.0
464,0.2840909090909065,0.0703812316715543,0.7170329670329669,0.24901185770750986,0.0,1.0,0.0,0.0
465,0.32954545454545325,0.1947214076246334,0.4093406593406594,0.6798418972332015,0.0,1.0,0.0,0.0
466,0.8522727272727266,0.13079178885630505,0.7925824175824175,0.5019762845849802,0.0,1.0,0.0,1.0
467,0.7954545454545467,0.11026392961876841,0.7719780219780219,0.3675889328063241,0.0,1.0,0.0,1.0
468,0.9318181818181799,0.7718475073313784,0.12637362637362637,0.01976284584980237,0.0,1.0,0.0,1.0
469,0.20454545454544615,0.20469208211143697,0.39560439560439564,0.08695652173913043,0.0,0.0,1.0,0.0
470,0.29545454545453964,0.22697947214076253,0.44230769230769235,0.3636363636363636,0.0,1.0,0.0,0.0
471,0.36363636363635976,0.24516129032258072,0.4010989010989011,0.3992094861660079,0.0,1.0,0.0,0.0
472,0.3977272727272734,0.12727272727272732,0.7087912087912087,0.8577075098814229,0.0,1.0,0.0,1.0
473,0.7727272727272663,0.08797653958944285,0.5728021978021978,0.20948616600790512,0.0,1.0,0.0,1.0
474,0.318181818181813,0.1700879765395895,0.5934065934065934,0.8458498023715414,0.0,1.0,0.0,0.0
475,0.29545454545453964,0.2404692082111437,0.41071428571428575,0.12648221343873517,0.0,0.0,1.0,0.0
476,0.7613636363636402,0.08211143695014667,0.6717032967032966,0.5296442687747035,0.0,1.0,0.0,1.0
477,0.3068181818181799,0.23636363636363644,0.3502747252747253,0.6403162055335968,0.0,1.0,0.0,0.0
478,0.20454545454544615,0.24574780058651036,0.5260989010989011,0.7509881422924901,0.0,0.0,1.0,0.0
479,0.7159090909090864,0.11085043988269794,0.657967032967033,0.6047430830039525,0.0,1.0,0.0,1.0
480,0.318181818181813,0.09560117302052795,0.6744505494505494,0.5138339920948616,1.0,0.0,0.0,0.0
481,0.2840909090909065,0.43577712609970676,0.23351648351648352,0.11462450592885375,0.0,0.0,1.0,0.0
482,0.29545454545453964,0.19354838709677424,0.37362637362637363,0.826086956521739,0.0,1.0,0.0,1.0
483,0.9204545454545467,0.869208211143695,0.1043956043956044,0.28063241106719367,0.0,0.0,1.0,1.0
484,0.22727272727272663,0.1008797653958945,0.7376373626373626,0.34782608695652173,0.0,1.0,0.0,0.0
485,0.36363636363635976,0.1853372434017596,0.5494505494505494,0.5810276679841897,1.0,0.0,0.0,0.0
486,0.20454545454544615,0.14662756598240478,0.5384615384615384,0.44664031620553357,0.0,1.0,0.0,0.0
487,0.8409090909090935,0.09384164222873903,0.6483516483516483,0.6877470355731224,0.0,1.0,0.0,1.0
488,0.22727272727272663,0.24281524926686215,0.4189560439560439,0.16205533596837943,0.0,1.0,0.0,0.0
489,0.3977272727272734,0.08680351906158357,0.6840659340659341,0.8181818181818181,0.0,1.0,0.0,1.0
490,0.26136363636363313,0.23695014662756597,0.40796703296703296,0.8379446640316205,0.0,1.0,0.0,0.0
491,0.38636363636363313,0.11143695014662758,0.6868131868131867,0.901185770750988,0.0,1.0,0.0,1.0
492,0.2159090909090864,0.1806451612903226,0.49038461538461536,0.3794466403162055,0.0,1.0,0.0,0.0
493,0.17045454545454675,0.08328445747800595,0.5576923076923076,0.8181818181818181,0.0,1.0,0.0,1.0
494,0.36363636363635976,0.10967741935483877,0.6456043956043955,0.45454545454545453,0.0,1.0,0.0,0.0
495,0.318181818181813,0.2387096774193549,0.4285714285714286,0.3913043478260869,0.0,1.0,0.0,0.0
496,0.38636363636363313,0.3002932551319648,0.3612637362637363,0.3320158102766798,0.0,1.0,0.0,0.0
497,0.2840909090909065,0.313782991202346,0.3695054945054945,0.4703557312252964,0.0,0.0,1.0,0.0
498,0.2840909090909065,0.12258064516129041,0.6002747252747253,0.13043478260869565,0.0,1.0,0.0,0.0
499,0.8409090909090935,0.1131964809384165,0.6098901098901098,0.2569169960474308,0.0,1.0,0.0,1.0
500,0.8863636363636331,0.11495601173020531,0.5192307692307692,0.13438735177865613,0.0,1.0,0.0,1.0
501,0.318181818181813,0.37888563049853374,0.2815934065934066,0.6047430830039525,1.0,0.0,0.0,0.0
502,0.20454545454544615,0.2064516129032259,0.4615384615384615,0.45454545454545453,0.0,1.0,0.0,0.0
503,0.3409090909090935,0.14193548387096777,0.5563186813186812,0.11462450592885375,1.0,0.0,0.0,0.0
504,0.7727272727272663,0.06392961876832848,0.9093406593406593,0.5494071146245059,0.0,1.0,0.0,1.0
505,0.22727272727272663,0.15073313782991205,0.6043956043956044,0.3320158102766798,0.0,1.0,0.0,0.0
506,0.11363636363635976,0.12023460410557185,0.8035714285714285,0.3952569169960474,1.0,0.0,0.0,1.0
507,0.27272727272726627,0.16715542521994142,0.532967032967033,0.007905138339920948,0.0,0.0,1.0,0.0
508,0.2159090909090864,0.2891495601173021,0.3598901098901099,0.2134387351778656,1.0,0.0,0.0,0.0
509,0.2159090909090864,0.2434017595307918,0.4532967032967033,0.3043478260869565,0.0,1.0,0.0,0.0
510,0.2159090909090864,0.22404692082111444,0.47252747252747257,0.05928853754940711,0.0,1.0,0.0,0.0
511,0.19318181818181301,0.19354838709677424,0.43818681318681324,0.4743083003952569,0.0,1.0,0.0,0.0
512,0.45454545454545325,0.028152492668621742,0.8434065934065934,0.826086956521739,0.0,1.0,0.0,1.0
513,0.45454545454545325,0.4023460410557185,0.2692307692307692,0.8893280632411067,0.0,0.0,1.0,1.0
514,0.36363636363635976,0.1607038123167156,0.5151098901098901,0.8221343873517786,0.0,1.0,0.0,1.0
515,0.7045454545454533,0.09384164222873903,0.6414835164835164,0.25296442687747034,0.0,1.0,0.0,1.0
516,0.38636363636363313,0.07565982404692084,0.6442307692307693,0.4426877470355731,0.0,1.0,0.0,0.0
517,0.36363636363635976,0.15718475073313787,0.6263736263736263,0.592885375494071,1.0,0.0,0.0,0.0
518,0.27272727272726627,0.0979472140762464,0.7554945054945054,0.7984189723320158,0.0,1.0,0.0,1.0
519,0.26136363636363313,0.2480938416422288,0.4436813186813187,0.8893280632411067,1.0,0.0,0.0,1.0
520,0.3749999999999929,0.3354838709677419,0.30219780219780223,0.13043478260869565,0.0,1.0,0.0,0.0
521,0.6818181818181799,0.11671554252199412,0.6593406593406592,0.8537549407114624,0.0,1.0,0.0,1.0
522,0.27272727272726627,0.19882697947214079,0.49175824175824184,0.20158102766798416,1.0,0.0,0.0,0.0
523,0.7727272727272663,0.09208211143695022,0.8763736263736263,0.7667984189723319,0.0,1.0,0.0,1.0
524,0.22727272727272663,0.13255131964809386,0.7060439560439561,0.33992094861660077,0.0,1.0,0.0,0.0
525,0.2159090909090864,0.09912023460410557,0.6648351648351648,0.6205533596837944,0.0,0.0,1.0,0.0
526,0.8068181818181799,0.8961876832844575,0.08104395604395605,0.007905138339920948,0.0,0.0,1.0,1.0
527,0.26136363636363313,0.363049853372434,0.2884615384615385,0.17391304347826086,1.0,0.0,0.0,0.0
528,0.27272727272726627,0.2821114369501466,0.396978021978022,0.0,0.0,1.0,0.0,0.0
529,0.27272727272726627,0.10791788856304985,0.6744505494505494,0.8616600790513833,0.0,1.0,0.0,1.0
530,0.5795454545454533,0.4780058651026393,0.21978021978021983,0.8023715415019762,0.0,0.0,1.0,1.0
531,0.27272727272726627,0.1255131964809385,0.6222527472527473,0.8142292490118577,0.0,0.0,1.0,0.0
532,0.5909090909090935,0.16656891495601178,0.7596153846153846,0.35968379446640314,0.0,1.0,0.0,1.0
533,0.22727272727272663,0.1912023460410558,0.5796703296703296,0.20158102766798416,0.0,0.0,1.0,0.0
534,0.8409090909090935,0.10791788856304985,0.7197802197802198,0.5770750988142292,0.0,1.0,0.0,1.0
535,0.875,0.0703812316715543,0.5673076923076923,0.8656126482213438,0.0,1.0,0.0,1.0
536,0.875,0.1853372434017596,0.5796703296703296,0.924901185770751,0.0,1.0,0.0,1.0
537,0.45454545454545325,0.4346041055718475,0.2678571428571429,0.8102766798418972,0.0,1.0,0.0,1.0
538,0.011363636363633134,0.6387096774193548,0.14835164835164832,0.5889328063241106,0.0,1.0,0.0,1.0
539,0.9090909090909136,0.8668621700879766,0.1043956043956044,0.10276679841897232,0.0,0.0,1.0,1.0
540,0.38636363636363313,0.08680351906158357,0.7788461538461537,0.4743083003952569,0.0,1.0,0.0,0.0
541,0.4659090909090864,0.12785923753665696,0.5233516483516483,0.8735177865612648,0.0,0.0,1.0,1.0
542,0.875,0.11260997067448686,0.5975274725274724,0.23715415019762845,0.0,0.0,1.0,1.0
543,0.2840909090909065,0.8129032258064517,0.12362637362637365,0.49407114624505927,0.0,1.0,0.0,1.0
544,0.36363636363635976,0.18592375366568914,0.49038461538461536,0.3517786561264822,0.0,0.0,1.0,0.0
545,0.5340909090909065,0.10615835777126104,0.776098901098901,0.8142292490118577,0.0,1.0,0.0,1.0
546,0.36363636363635976,0.14310850439882705,0.6881868131868131,0.533596837944664,1.0,0.0,0.0,0.0
547,0.8522727272727266,0.09090909090909094,0.6703296703296703,0.6798418972332015,0.0,1.0,0.0,1.0
548,0.8977272727272734,0.1055718475073314,0.5865384615384615,0.24505928853754938,0.0,1.0,0.0,1.0
549,0.2840909090909065,0.10146627565982413,0.6881868131868131,0.8181818181818181,0.0,1.0,0.0,1.0
550,0.7386363636363669,0.08445747800586512,0.5673076923076923,0.8221343873517786,0.0,1.0,0.0,1.0
551,0.3409090909090935,0.07624633431085048,0.5879120879120879,0.17391304347826086,0.0,0.0,1.0,0.0
552,0.20454545454544615,0.18123167155425224,0.532967032967033,0.6482213438735177,0.0,1.0,0.0,0.0
553,0.3068181818181799,1.0,0.0,0.225296442687747,0.0,1.0,0.0,1.0
554,0.6363636363636331,0.16422287390029333,0.6744505494505494,0.8221343873517786,0.0,1.0,0.0,1.0
555,0.0,0.11202346041055722,0.7115384615384616,0.849802371541502,0.0,1.0,0.0,1.0
556,0.3749999999999929,0.3202346041055719,0.3200549450549451,0.14624505928853754,0.0,0.0,1.0,0.0
557,0.26136363636363313,0.4533724340175953,0.23763736263736268,0.1660079051383399,0.0,1.0,0.0,0.0
558,0.27272727272726627,0.15190615835777133,0.548076923076923,0.14624505928853754,1.0,0.0,0.0,0.0
559,0.5454545454545396,0.21818181818181825,0.4024725274725275,0.826086956521739,0.0,0.0,1.0,1.0
560,0.20454545454544615,0.5390029325513197,0.17994505494505492,0.6956521739130435,0.0,1.0,0.0,0.0
561,0.27272727272726627,0.10322580645161294,0.6098901098901098,0.02766798418972332,0.0,1.0,0.0,0.0
562,0.943181818181813,0.14134897360703813,0.6071428571428571,0.849802371541502,0.0,0.0,1.0,1.0
563,0.6477272727272734,0.05161290322580647,0.7280219780219779,0.7707509881422925,0.0,1.0,0.0,1.0
564,0.3522727272727195,0.29912023460410564,0.3612637362637363,0.608695652173913,0.0,1.0,0.0,0.0
565,0.38636363636363313,0.22287390029325516,0.46016483516483514,0.27667984189723316,0.0,0.0,1.0,0.0
566,0.693181818181813,0.06862170087976538,0.8475274725274725,0.9051383399209486,0.0,1.0,0.0,1.0
567,0.318181818181813,0.1653958944281525,0.46428571428571436,0.7430830039525691,0.0,0.0,1.0,0.0
568,0.19318181818181301,0.05395894428152492,0.7692307692307692,0.7193675889328063,0.0,1.0,0.0,0.0
569,0.318181818181813,0.14780058651026395,0.8035714285714285,0.07905138339920947,0.0,1.0,0.0,1.0
570,0.27272727272726627,0.3120234604105572,0.29532967032967034,0.49011857707509876,0.0,1.0,0.0,0.0
571,0.8977272727272734,0.060410557184750746,0.9175824175824174,0.37154150197628455,0.0,1.0,0.0,1.0
572,0.3749999999999929,0.13431085043988278,0.8502747252747253,0.7549407114624506,0.0,1.0,0.0,1.0
573,0.7272727272727266,0.10322580645161294,0.7445054945054944,0.4268774703557312,0.0,1.0,0.0,1.0
574,0.6136363636363598,0.896774193548387,0.08104395604395605,0.5652173913043478,0.0,0.0,1.0,1.0
575,0.38636363636363313,0.24105571847507334,0.4285714285714286,0.7905138339920948,0.0,1.0,0.0,0.0
576,0.22727272727272663,0.13665689149560123,0.5714285714285714,0.5454545454545454,0.0,0.0,1.0,0.0
577,0.5795454545454533,0.1026392961876833,0.8447802197802197,0.2608695652173913,0.0,1.0,0.0,1.0
578,0.7613636363636402,0.11026392961876841,0.7197802197802198,0.8221343873517786,0.0,1.0,0.0,1.0
579,0.25,0.2263929618768329,0.43681318681318687,0.5177865612648221,0.0,0.0,1.0,0.0
580,0.3522727272727195,0.2129032258064516,0.4313186813186814,0.6284584980237153,0.0,1.0,0.0,0.0
581,0.7159090909090864,0.2263929618768329,0.4835164835164835,0.8458498023715414,0.0,1.0,0.0,1.0
582,0.8409090909090935,0.1055718475073314,0.6016483516483516,0.41897233201581024,0.0,1.0,0.0,1.0
583,0.5795454545454533,0.0903225806451613,0.7321428571428571,0.7667984189723319,0.0,1.0,0.0,1.0
584,0.7272727272727266,0.11847507331378304,0.6387362637362637,0.9130434782608695,0.0,1.0,0.0,1.0
585,0.318181818181813,0.1624633431085044,0.5370879120879121,0.05928853754940711,1.0,0.0,0.0,0.0
586,0.25,0.3260997067448681,0.32554945054945056,0.5770750988142292,0.0,1.0,0.0,0.0
587,0.36363636363635976,0.1577712609970675,0.5439560439560439,0.2608695652173913,0.0,1.0,0.0,0.0
588,0.5795454545454533,0.12785923753665696,0.6373626373626373,0.8774703557312252,0.0,1.0,0.0,1.0
589,0.5340909090909065,0.1131964809384165,0.6057692307692307,0.8774703557312252,0.0,0.0,1.0,1.0
590,0.20454545454544615,0.12785923753665696,0.7925824175824175,0.24110671936758893,0.0,1.0,0.0,1.0
591,0.8863636363636331,0.07390029325513203,0.6895604395604396,0.17391304347826086,0.0,0.0,1.0,1.0
592,0.27272727272726627,0.1313782991202347,0.7197802197802198,0.8616600790513833,0.0,1.0,0.0,1.0
593,0.3068181818181799,0.2099706744868035,0.5439560439560439,0.2727272727272727,0.0,0.0,1.0,0.0
594,0.5227272727272663,0.04340175953079184,0.934065934065934,0.5889328063241106,0.0,1.0,0.0,1.0
595,0.27272727272726627,0.1530791788856305,0.5535714285714285,0.8063241106719367,0.0,1.0,0.0,0.0
596,0.8068181818181799,0.1577712609970675,0.6634615384615384,0.8418972332015809,0.0,1.0,0.0,1.0
597,0.3409090909090935,0.13255131964809386,0.6414835164835164,0.6482213438735177,1.0,0.0,0.0,0.0
598,0.2159090909090864,0.31143695014662764,0.315934065934066,0.5375494071146245,0.0,1.0,0.0,0.0
599,0.27272727272726627,0.21759530791788861,0.45054945054945056,0.7509881422924901,0.0,0.0,1.0,0.0
600,0.3068181818181799,0.1560117302052786,0.4711538461538462,0.5770750988142292,0.0,1.0,0.0,0.0
601,0.022727272727266268,0.031671554252199474,0.9945054945054945,0.3517786561264822,0.0,0.0,1.0,1.0
602,0.29545454545453964,0.14956011730205288,0.6373626373626373,0.16996047430830039,0.0,1.0,0.0,0.0
603,0.25,0.2586510263929619,0.4739010989010988,0.5296442687747035,0.0,1.0,0.0,0.0
604,0.22727272727272663,0.20410557184750733,0.5233516483516483,0.011857707509881422,0.0,0.0,1.0,0.0
605,0.318181818181813,0.18123167155425224,0.46840659340659335,0.43478260869565216,0.0,1.0,0.0,0.0
606,0.318181818181813,0.2404692082111437,0.4519230769230769,0.48221343873517786,0.0,1.0,0.0,0.0
607,0.18181818181817988,0.09325513196480939,0.7898351648351647,0.8181818181818181,0.0,0.0,1.0,1.0
608,0.20454545454544615,0.1425219941348974,0.6881868131868131,0.4743083003952569,0.0,0.0,1.0,0.0
609,0.23863636363635976,0.31612903225806455,0.3585164835164835,0.8300395256916996,1.0,0.0,0.0,0.0
610,0.3749999999999929,0.1577712609970675,0.6002747252747253,0.035573122529644265,0.0,1.0,0.0,0.0
611,0.6590909090909065,0.06099706744868039,0.8076923076923077,0.7233201581027667,0.0,1.0,0.0,1.0
612,0.25,0.40469208211143703,0.2994505494505495,0.7905138339920948,0.0,1.0,0.0,1.0
613,0.22727272727272663,0.27976539589442817,0.4189560439560439,0.23320158102766797,0.0,1.0,0.0,0.0
614,0.42045454545454675,0.04516129032258065,0.9010989010989011,0.4703557312252964,0.0,1.0,0.0,1.0
615,0.27272727272726627,0.16891495601173023,0.5728021978021978,0.8458498023715414,0.0,1.0,0.0,0.0
616,0.5795454545454533,0.09090909090909094,0.7499999999999999,0.7470355731225296,0.0,1.0,0.0,1.0
617,0.2159090909090864,0.3173020527859238,0.36538461538461536,0.7035573122529644,0.0,1.0,0.0,0.0
618,0.38636363636363313,0.2310850439882698,0.43269230769230765,0.18577075098814227,0.0,0.0,1.0,0.0
619,0.8409090909090935,0.0903225806451613,0.6840659340659341,0.6482213438735177,0.0,0.0,1.0,1.0
620,0.3977272727272734,0.10909090909090913,0.721153846153846,0.8023715415019762,0.0,1.0,0.0,1.0
621,0.23863636363635976,0.03988269794721411,0.7774725274725274,0.5652173913043478,0.0,1.0,0.0,0.0
622,0.3749999999999929,0.14134897360703813,0.6016483516483516,0.05928853754940711,0.0,1.0,0.0,0.0
623,0.2159090909090864,0.16950146627565987,0.4807692307692308,0.7786561264822134,0.0,1.0,0.0,0.0
624,0.9545454545454533,0.10674486803519068,0.8063186813186812,0.7905138339920948,0.0,1.0,0.0,1.0
625,0.20454545454544615,0.08445747800586512,0.8049450549450549,0.8063241106719367,0.0,0.0,1.0,1.0
626,0.36363636363635976,0.11202346041055722,0.6140109890109889,0.4743083003952569,1.0,0.0,0.0,0.0
627,0.38636363636363313,0.14956011730205288,0.5508241758241758,0.07905138339920947,1.0,0.0,0.0,0.0
628,0.2159090909090864,0.743108504398827,0.13736263736263737,0.11462450592885375,0.0,0.0,1.0,0.0
629,0.38636363636363313,0.13958944281524932,0.5686813186813187,0.1067193675889328,0.0,0.0,1.0,0.0
630,0.29545454545453964,0.3659824046920821,0.3818681318681319,0.3794466403162055,0.0,1.0,0.0,0.0
631,0.2840909090909065,0.18592375366568914,0.6263736263736263,0.01976284584980237,0.0,1.0,0.0,0.0
632,0.318181818181813,0.18416422287390033,0.5796703296703296,0.8023715415019762,0.0,0.0,1.0,0.0
633,0.22727272727272663,0.12727272727272732,0.5233516483516483,0.849802371541502,0.0,0.0,1.0,0.0
634,0.5568181818181799,0.11612903225806459,0.6923076923076923,0.8181818181818181,0.0,1.0,0.0,1.0
635,0.8863636363636331,0.19941348973607043,0.4409340659340659,0.849802371541502,0.0,1.0,0.0,1.0
636,0.7840909090909065,0.07390029325513203,0.6895604395604396,0.33992094861660077,0.0,1.0,0.0,1.0
637,0.1590909090909065,0.07917888563049857,0.7884615384615384,0.7905138339920948,0.0,1.0,0.0,1.0
638,0.20454545454544615,0.2357771260997068,0.3873626373626374,0.6561264822134387,0.0,1.0,0.0,0.0
639,0.3068181818181799,0.2832844574780059,0.3818681318681319,0.5691699604743082,0.0,1.0,0.0,0.0
640,0.29545454545453964,0.11964809384164221,0.5274725274725275,0.38735177865612647,1.0,0.0,0.0,0.0
641,0.318181818181813,0.5700879765395894,0.15796703296703296,0.38735177865612647,0.0,1.0,0.0,1.0
642,0.27272727272726627,0.2574780058651027,0.43956043956043955,0.01976284584980237,0.0,1.0,0.0,0.0
643,0.3522727272727195,0.13431085043988278,0.5741758241758241,0.18577075098814227,0.0,0.0,1.0,0.0
644,0.19318181818181301,0.12609970674486803,0.6717032967032966,0.8379446640316205,0.0,1.0,0.0,1.0
645,0.8977272727272734,0.10850439882697949,0.6964285714285714,0.11857707509881422,0.0,1.0,0.0,1.0
646,0.2159090909090864,0.1454545454545455,0.5563186813186812,0.7944664031620553,0.0,1.0,0.0,0.0
647,0.2840909090909065,0.11202346041055722,0.6497252747252747,0.458498023715415,0.0,0.0,1.0,0.0
648,0.4090909090909065,0.0504398826979473,0.8846153846153846,0.30039525691699603,0.0,1.0,0.0,1.0
649,0.5681818181818201,0.11202346041055722,0.7733516483516483,0.8379446640316205,0.0,1.0,0.0,1.0
650,0.625,0.07683284457478012,0.9587912087912087,0.19367588932806323,0.0,1.0,0.0,1.0
651,0.7954545454545467,0.10439882697947223,0.7335164835164835,0.26482213438735175,0.0,1.0,0.0,1.0
652,0.318181818181813,0.3923753665689149,0.3186813186813187,0.7667984189723319,0.0,1.0,0.0,0.0
653,0.42045454545454675,0.21173020527859243,0.4629120879120879,0.8023715415019762,0.0,0.0,1.0,1.0
654,0.8863636363636331,0.10850439882697949,0.6469780219780219,0.7905138339920948,0.0,1.0,0.0,1.0
655,0.318181818181813,0.2035190615835778,0.4450549450549451,0.7747035573122529,0.0,1.0,0.0,0.0
656,0.3068181818181799,0.15953079178885632,0.5370879120879121,0.3517786561264822,0.0,1.0,0.0,0.0
657,0.7727272727272663,0.11202346041055722,0.5755494505494505,0.5691699604743082,0.0,0.0,1.0,1.0
658,0.29545454545453964,0.25630498533724344,0.4244505494505495,0.1541501976284585,0.0,1.0,0.0,0.0
659,0.36363636363635976,0.12961876832844577,0.46840659340659335,0.007905138339920948,0.0,1.0,0.0,0.0
660,0.1590909090909065,0.06744868035190621,0.8969780219780219,0.6047430830039525,0.0,1.0,0.0,1.0
661,0.6704545454545467,0.8551319648093842,0.11263736263736264,0.08300395256916995,0.0,0.0,1.0,1.0
662,0.9090909090909136,0.1407624633431085,0.5631868131868131,0.3992094861660079,0.0,0.0,1.0,1.0
663,0.14772727272726627,0.1284457478005866,0.7321428571428571,0.7984189723320158,0.0,1.0,0.0,1.0
664,0.6136363636363598,0.032258064516129115,0.8324175824175825,0.6996047430830039,0.0,1.0,0.0,1.0
665,0.2840909090909065,0.17653958944281534,0.46840659340659335,0.06719367588932806,0.0,1.0,0.0,0.0
666,0.3068181818181799,0.1483870967741936,0.5824175824175825,0.5849802371541502,0.0,0.0,1.0,0.0
667,0.22727272727272663,0.19706744868035198,0.41758241758241765,0.2608695652173913,0.0,1.0,0.0,0.0
668,0.318181818181813,0.32844574780058644,0.3983516483516483,0.4426877470355731,0.0,1.0,0.0,0.0
669,0.20454545454544615,0.17184750733137832,0.489010989010989,0.07905138339920947,0.0,1.0,0.0,0.0
670,0.9318181818181799,0.04398826979472148,0.7541208791208791,0.8418972332015809,0.0,1.0,0.0,1.0
671,0.318181818181813,0.25161290322580654,0.4285714285714286,0.09486166007905138,0.0,0.0,1.0,0.0
672,0.7272727272727266,0.1055718475073314,0.5714285714285714,0.6877470355731224,0.0,1.0,0.0,1.0
673,0.693181818181813,0.060410557184750746,0.8846153846153846,0.4387351778656126,0.0,0.0,1.0,1.0
674,0.36363636363635976,0.07331378299120239,0.6964285714285714,0.1976284584980237,1.0,0.0,0.0,0.0
675,0.318181818181813,0.2668621700879765,0.43818681318681324,0.4229249011857707,0.0,0.0,1.0,0.0
676,0.9545454545454533,0.05278592375366575,0.89010989010989,0.6363636363636364,1.0,0.0,0.0,1.0
677,0.3749999999999929,0.15953079178885632,0.5082417582417581,0.043478260869565216,0.0,1.0,0.0,0.0
678,0.18181818181817988,0.14662756598240478,0.6304945054945055,0.8300395256916996,0.0,1.0,0.0,1.0
679,0.2840909090909065,0.14369501466275658,0.5796703296703296,0.24110671936758893,0.0,1.0,0.0,0.0
680,0.22727272727272663,0.3290322580645162,0.3282967032967033,0.05138339920948616,0.0,1.0,0.0,0.0
681,0.27272727272726627,0.20117302052785924,0.45604395604395603,0.19367588932806323,0.0,1.0,0.0,0.0
682,0.29545454545453964,0.17360703812316725,0.6332417582417582,0.2845849802371541,0.0,1.0,0.0,0.0
683,0.25,0.17478005865102642,0.5453296703296703,0.5652173913043478,0.0,0.0,1.0,0.0
684,0.4090909090909065,0.10029325513196485,0.6195054945054944,0.9407114624505928,0.0,1.0,0.0,1.0
685,0.3068181818181799,0.09149560117302058,0.7184065934065934,0.8142292490118577,0.0,1.0,0.0,1.0
686,0.3749999999999929,0.1360703812316716,0.5865384615384615,0.48221343873517786,0.0,1.0,0.0,0.0
687,0.8636363636363598,0.09090909090909094,0.7472527472527473,0.007905138339920948,0.0,0.0,1.0,1.0
688,0.36363636363635976,0.4750733137829912,0.23214285714285715,0.23320158102766797,0.0,1.0,0.0,0.0
689,0.3749999999999929,0.38064516129032255,0.2898351648351648,0.13833992094861658,0.0,1.0,0.0,0.0
690,0.7727272727272663,0.09677419354838712,0.8049450549450549,0.41897233201581024,0.0,1.0,0.0,1.0
691,0.25,0.2527859237536657,0.38873626373626374,0.7233201581027667,0.0,1.0,0.0,0.0
692,0.2840909090909065,0.15894428152492668,0.5082417582417581,0.22134387351778656,0.0,0.0,1.0,0.0
693,0.19318181818181301,0.14662756598240478,0.5247252747252746,0.43083003952569165,1.0,0.0,0.0,0.0
694,0.2159090909090864,0.8111436950146629,0.12362637362637365,0.5019762845849802,0.0,1.0,0.0,1.0
695,0.36363636363635976,0.11612903225806459,0.5892857142857143,0.8063241106719367,0.0,1.0,0.0,0.0
696,0.22727272727272663,0.2263929618768329,0.42307692307692313,0.28063241106719367,0.0,0.0,1.0,0.0
697,0.27272727272726627,0.25454545454545463,0.35302197802197804,0.05928853754940711,0.0,1.0,0.0,0.0
698,0.7727272727272663,0.10615835777126104,0.7005494505494505,0.6126482213438734,0.0,1.0,0.0,1.0
699,0.2159090909090864,0.27331378299120235,0.3777472527472528,0.011857707509881422,0.0,1.0,0.0,0.0
700,0.8068181818181799,0.09853372434017604,0.6510989010989011,0.023715415019762844,0.0,0.0,1.0,1.0
701,0.29545454545453964,0.1178885630498534,0.5453296703296703,0.14624505928853754,0.0,1.0,0.0,0.0
702,0.3068181818181799,0.2281524926686217,0.4258241758241758,0.691699604743083,0.0,1.0,0.0,0.0
703,0.3749999999999929,0.3202346041055719,0.3516483516483516,0.458498023715415,0.0,1.0,0.0,0.0
704,0.6590909090909065,0.04574780058651029,0.8255494505494505,0.07905138339920947,0.0,1.0,0.0,1.0
705,0.29545454545453964,0.5102639296187683,0.21153846153846156,0.3557312252964427,0.0,1.0,0.0,0.0
706,0.22727272727272663,0.22756598240469217,0.4739010989010988,0.3675889328063241,0.0,0.0,1.0,0.0
707,0.4090909090909065,0.3260997067448681,0.3186813186813187,0.8893280632411067,0.0,1.0,0.0,1.0
708,0.36363636363635976,0.13900293255131968,0.5837912087912087,0.525691699604743,0.0,1.0,0.0,0.0
709,0.3749999999999929,0.9853372434017595,0.010989010989010992,0.5652173913043478,0.0,1.0,0.0,1.0
710,0.27272727272726627,0.1806451612903226,0.5027472527472526,0.043478260869565216,0.0,1.0,0.0,0.0
711,0.2159090909090864,0.23695014662756597,0.3997252747252747,0.12648221343873517,0.0,1.0,0.0,0.0
712,0.42045454545454675,0.11906158357771268,0.6840659340659341,0.8616600790513833,0.0,1.0,0.0,1.0
713,0.3068181818181799,0.1378299120234604,0.6717032967032966,0.5968379446640316,0.0,1.0,0.0,0.0
714,0.7159090909090864,0.06158357771261003,0.8104395604395603,0.08695652173913043,0.0,1.0,0.0,1.0
715,0.8409090909090935,0.10439882697947223,0.554945054945055,0.45454545454545453,0.0,1.0,0.0,1.0
716,0.7272727272727266,0.04809384164222874,0.7802197802197802,0.3557312252964427,0.0,1.0,0.0,1.0
717,0.7613636363636402,0.1008797653958945,0.6469780219780219,0.14229249011857706,0.0,1.0,0.0,1.0
718,0.693181818181813,0.08797653958944285,0.7884615384615384,0.18577075098814227,0.0,1.0,0.0,1.0
719,0.875,0.07859237536656893,0.7994505494505494,0.1660079051383399,0.0,1.0,0.0,1.0
720,0.22727272727272663,0.08093841642228738,0.6469780219780219,0.5573122529644269,0.0,1.0,0.0,0.0
721,0.27272727272726627,0.19530791788856305,0.46840659340659335,0.035573122529644265,0.0,1.0,0.0,0.0
722,0.36363636363635976,0.24105571847507334,0.47252747252747257,0.6679841897233201,0.0,0.0,1.0,0.0
723,0.26136363636363313,0.15718475073313787,0.5082417582417581,0.6205533596837944,0.0,0.0,1.0,0.0
724,0.36363636363635976,0.221700879765396,0.4244505494505495,0.37549407114624506,0.0,0.0,1.0,0.0
725,0.38636363636363313,0.39882697947214085,0.2678571428571429,0.2885375494071146,0.0,1.0,0.0,0.0
726,0.3977272727272734,0.09266862170087975,0.6098901098901098,0.33992094861660077,0.0,0.0,1.0,0.0
727,0.3749999999999929,0.14780058651026395,0.5618131868131868,0.4268774703557312,0.0,1.0,0.0,0.0
728,0.2159090909090864,0.3120234604105572,0.39010989010989017,0.06719367588932806,0.0,0.0,1.0,0.0
729,0.8068181818181799,0.055131964809384204,0.7032967032967032,0.09881422924901186,1.0,0.0,0.0,1.0
730,0.7954545454545467,0.16011730205278596,0.7005494505494505,0.9999999999999999,0.0,0.0,1.0,1.0
731,0.27272727272726627,0.34956011730205283,0.2815934065934066,0.7905138339920948,0.0,1.0,0.0,0.0
732,0.20454545454544615,0.33313782991202356,0.30357142857142855,0.03162055335968379,0.0,1.0,0.0,0.0
733,0.3749999999999929,0.22228739002932552,0.39010989010989017,0.46640316205533594,0.0,1.0,0.0,0.0
734,0.2159090909090864,0.36539589442815257,0.3241758241758242,0.849802371541502,0.0,0.0,1.0,0.0
735,0.26136363636363313,0.07272727272727275,0.5961538461538461,0.6126482213438734,0.0,1.0,0.0,0.0
736,0.19318181818181301,0.16304985337243405,0.7664835164835164,0.8181818181818181,0.0,0.0,1.0,1.0
737,0.2840909090909065,0.32551319648093835,0.315934065934066,0.1067193675889328,0.0,0.0,1.0,0.0
738,0.5454545454545396,0.8105571847507331,0.12362637362637365,0.3201581027667984,1.0,0.0,0.0,1.0
739,0.32954545454545325,0.2510263929618769,0.43269230769230765,0.4624505928853755,0.0,1.0,0.0,0.0
740,0.7954545454545467,0.8768328445747802,0.09615384615384616,0.3320158102766798,0.0,0.0,1.0,1.0
741,0.3409090909090935,0.1055718475073314,0.8846153846153846,0.6798418972332015,0.0,1.0,0.0,1.0
742,0.25,0.21642228739002933,0.47252747252747257,0.7312252964426877,1.0,0.0,0.0,0.0
743,0.22727272727272663,0.1636363636363637,0.5892857142857143,0.592885375494071,0.0,1.0,0.0,0.0
744,0.36363636363635976,0.15249266862170097,0.5041208791208791,0.24901185770750986,0.0,0.0,1.0,0.0
745,0.2840909090909065,0.0903225806451613,0.5,0.43083003952569165,0.0,1.0,0.0,0.0
746,0.2840909090909065,0.12375366568914958,0.5631868131868131,0.4387351778656126,1.0,0.0,0.0,0.0
